{"Loss": 0.4743388295173645, "_runtime": 11, "_timestamp": 1631035804, "_step": 25, "Val Loss": 0.684281587600708, "Acc": 77.8, "Val ACC": 63.4, "Img/rugby.1,056.jpg": {"_type": "image-file", "path": "media/images/Img/rugby.1,056.jpg_15_04a4ab1c99f05c201343.png", "sha256": "04a4ab1c99f05c201343e4dabb76778996e9cbef26a282cbdf86648d5053a298", "size": 190366, "format": "png", "width": 864, "height": 432}, "Img/rugby.1,017.jpg": {"_type": "image-file", "path": "media/images/Img/rugby.1,017.jpg_16_8343f47ab657e1b8de70.png", "sha256": "8343f47ab657e1b8de7070489412ebface28f6010f3cab6d68997ebd9deeb895", "size": 138101, "format": "png", "width": 864, "height": 432}, "Img/rugby.1,025.jpg": {"_type": "image-file", "path": "media/images/Img/rugby.1,025.jpg_17_df7f9ac6358045c89500.png", "sha256": "df7f9ac6358045c89500ed76a62e8157fad9f3e0a8a83420addfa81125951f2a", "size": 177762, "format": "png", "width": 864, "height": 432}, "Img/rugby.1,008.jpg": {"_type": "image-file", "path": "media/images/Img/rugby.1,008.jpg_18_372e382131a3d8384df6.png", "sha256": "372e382131a3d8384df6b04fcb44909b8e56c00d8696ddb2d919f787b747b484", "size": 162679, "format": "png", "width": 864, "height": 432}, "Img/rugby.1,003.jpg": {"_type": "image-file", "path": "media/images/Img/rugby.1,003.jpg_19_af858b2a6e23e7fa2ff1.png", "sha256": "af858b2a6e23e7fa2ff1acfbedbf1d9bf2483d29040e360dd23f07cc1bdb3fe1", "size": 162002, "format": "png", "width": 864, "height": 432}, "Img/rugby.1,044.jpg": {"_type": "image-file", "path": "media/images/Img/rugby.1,044.jpg_20_1de65d12c7acf2f01643.png", "sha256": "1de65d12c7acf2f01643abf997f2b8588452f4e899f042c8b96f44bb8fa7ad4e", "size": 195021, "format": "png", "width": 864, "height": 432}, "Img/rugby.1,012.jpg": {"_type": "image-file", "path": "media/images/Img/rugby.1,012.jpg_21_13168cff0640d043b641.png", "sha256": "13168cff0640d043b641ffb5e932e6fa858c6d7188e11bbf51a75269387307cf", "size": 175938, "format": "png", "width": 864, "height": 432}}